X,year,id,relig,jewaj,othjew,jew,relitena,age,spjew,denom,jew16,spjew16,spothjew
21876,1988,1,3,NA,NA,3,NA,56,3,NA,2,2,NA
21884,1988,9,3,NA,NA,2,NA,24,NA,NA,2,NA,NA
21904,1988,29,3,NA,NA,2,NA,NA,2,NA,2,2,NA
21956,1988,81,3,NA,NA,2,NA,35,2,NA,NA,1,NA
21972,1988,97,3,NA,NA,3,NA,67,NA,NA,2,NA,NA
22042,1988,167,3,NA,NA,4,NA,61,NA,NA,4,NA,NA
22055,1988,180,3,NA,NA,4,NA,35,NA,NA,3,NA,NA
22061,1988,186,3,NA,NA,2,NA,40,NA,NA,1,NA,NA
22089,1988,214,3,NA,NA,2,NA,25,NA,NA,2,NA,NA
22091,1988,216,3,NA,NA,2,NA,35,NA,NA,2,NA,NA
22092,1988,217,3,NA,NA,3,NA,30,NA,NA,3,NA,NA
22093,1988,218,3,NA,NA,4,NA,32,NA,NA,2,NA,NA
22128,1988,253,3,NA,NA,2,NA,76,2,NA,3,2,NA
22130,1988,255,3,NA,NA,3,NA,23,NA,NA,3,NA,NA
22133,1988,258,3,NA,NA,3,NA,50,3,NA,3,NA,NA
22141,1988,266,3,NA,NA,3,NA,19,NA,NA,3,NA,NA
22142,1988,267,3,NA,NA,2,NA,37,3,NA,2,3,NA
22143,1988,268,3,NA,NA,2,NA,45,NA,NA,1,NA,NA
22144,1988,269,3,NA,NA,2,NA,18,NA,NA,2,NA,NA
22150,1988,275,3,NA,NA,3,NA,48,3,NA,3,3,NA
22194,1988,319,3,NA,NA,3,NA,63,3,NA,1,1,NA
22195,1988,320,3,NA,NA,2,NA,52,2,NA,1,1,NA
22196,1988,321,3,NA,NA,3,NA,52,NA,NA,3,NA,NA
22197,1988,322,3,NA,NA,1,NA,60,1,NA,1,1,NA
22198,1988,323,3,NA,NA,3,NA,32,2,NA,2,2,NA
22566,1988,691,3,NA,NA,2,NA,46,2,NA,1,1,NA
22569,1988,694,3,NA,NA,2,NA,39,2,NA,2,2,NA
22571,1988,696,3,NA,NA,2,NA,42,2,NA,2,NA,NA
22837,1988,962,3,NA,NA,2,NA,40,NA,NA,2,NA,NA
22975,1988,1100,3,NA,NA,2,NA,71,2,NA,1,2,NA
23375,1989,19,3,NA,NA,2,NA,53,NA,NA,2,NA,NA
23377,1989,21,3,NA,NA,3,NA,50,NA,NA,NA,NA,NA
23378,1989,22,3,NA,NA,3,NA,18,NA,NA,3,NA,NA
23380,1989,24,3,NA,NA,4,NA,22,NA,NA,2,NA,NA
23389,1989,33,3,NA,NA,3,NA,48,3,NA,4,2,NA
23396,1989,40,3,NA,NA,2,NA,49,2,NA,2,1,NA
23407,1989,51,3,NA,NA,2,NA,42,4,NA,2,2,NA
23416,1989,60,3,NA,NA,3,NA,71,NA,NA,3,NA,NA
23426,1989,70,3,NA,NA,3,NA,41,NA,NA,1,NA,NA
23518,1989,162,3,NA,NA,3,NA,68,3,NA,3,3,NA
23618,1989,262,3,NA,NA,4,NA,34,NA,NA,4,NA,NA
23623,1989,267,3,NA,NA,2,NA,87,NA,NA,2,NA,NA
23635,1989,279,3,NA,NA,3,NA,42,3,NA,1,2,NA
23749,1989,393,3,NA,NA,2,NA,23,NA,NA,2,NA,NA
23775,1989,419,3,NA,NA,4,NA,27,NA,NA,4,NA,NA
23801,1989,445,3,NA,NA,4,NA,76,3,NA,1,3,NA
24009,1989,653,3,NA,NA,3,NA,38,3,NA,3,3,NA
24078,1989,722,3,NA,NA,3,NA,55,NA,NA,2,NA,NA
24102,1989,746,3,NA,NA,3,NA,77,NA,NA,1,NA,NA
24293,1989,937,3,NA,NA,2,NA,72,2,NA,2,2,NA
24313,1989,957,3,NA,NA,4,NA,32,NA,NA,4,NA,NA
24335,1989,979,3,NA,NA,2,NA,42,NA,NA,2,NA,NA
24341,1989,985,3,NA,NA,3,NA,33,NA,NA,3,NA,NA
24901,1990,8,3,NA,NA,2,NA,61,2,NA,1,2,NA
24902,1990,9,3,NA,NA,2,NA,53,2,NA,1,2,NA
24903,1990,10,3,NA,NA,3,NA,68,NA,NA,1,NA,NA
24907,1990,14,3,NA,NA,2,NA,79,NA,NA,2,NA,NA
24910,1990,17,3,NA,NA,4,NA,89,NA,NA,2,NA,NA
24911,1990,18,3,NA,NA,3,NA,76,NA,NA,3,NA,NA
24935,1990,42,3,NA,NA,3,NA,64,NA,NA,2,NA,NA
24936,1990,43,3,NA,NA,1,NA,54,1,NA,1,1,NA
24937,1990,44,3,NA,NA,3,NA,36,3,NA,NA,3,NA
24956,1990,63,3,NA,NA,3,NA,42,NA,NA,3,NA,NA
24958,1990,65,3,NA,NA,4,NA,66,4,NA,4,4,NA
24960,1990,67,3,NA,NA,2,NA,64,2,NA,2,2,NA
24981,1990,88,3,NA,NA,2,NA,84,NA,NA,1,NA,NA
25065,1990,172,3,NA,NA,3,NA,52,3,NA,2,2,NA
25120,1990,227,3,NA,NA,2,NA,58,NA,NA,NA,NA,NA
25132,1990,239,3,NA,NA,3,NA,63,3,NA,3,3,NA
25136,1990,243,3,NA,NA,2,NA,66,NA,NA,2,NA,NA
25272,1990,379,3,NA,NA,3,NA,32,3,NA,NA,3,NA
25274,1990,381,3,NA,NA,2,NA,65,NA,NA,2,NA,NA
25497,1990,604,3,NA,NA,2,NA,42,NA,NA,2,NA,NA
25586,1990,693,3,NA,NA,NA,NA,43,NA,NA,3,NA,NA
25765,1990,872,3,NA,NA,2,NA,73,2,NA,2,2,NA
25774,1990,881,3,NA,NA,2,NA,79,2,NA,1,1,NA
25776,1990,883,3,NA,NA,2,NA,81,NA,NA,2,NA,NA
25777,1990,884,3,NA,NA,3,NA,76,NA,NA,3,NA,NA
25829,1990,936,3,NA,NA,4,NA,38,4,NA,3,NA,NA
26187,1990,1294,3,NA,NA,4,NA,36,4,NA,NA,3,NA
26267,1991,2,3,NA,NA,2,NA,32,2,NA,2,2,NA
26269,1991,4,3,NA,NA,2,NA,26,NA,NA,2,NA,NA
26275,1991,10,3,NA,NA,2,NA,64,2,NA,2,1,NA
26294,1991,29,3,NA,NA,3,NA,57,NA,NA,3,NA,NA
26300,1991,35,3,NA,NA,3,NA,44,3,NA,3,2,NA
26301,1991,36,3,NA,NA,3,NA,48,3,NA,3,3,NA
26308,1991,43,3,NA,NA,3,NA,30,NA,NA,3,NA,NA
26314,1991,49,3,NA,NA,2,NA,39,2,NA,3,3,NA
26317,1991,52,3,NA,NA,4,NA,35,NA,NA,1,NA,NA
26328,1991,63,3,NA,NA,3,NA,31,3,NA,NA,2,NA
26345,1991,80,3,NA,NA,3,NA,61,NA,NA,3,NA,NA
26351,1991,86,3,NA,NA,2,NA,33,NA,NA,2,NA,NA
26417,1991,152,3,NA,NA,3,NA,27,NA,NA,3,NA,NA
26451,1991,186,3,NA,NA,4,NA,28,NA,NA,4,NA,NA
26461,1991,196,3,NA,NA,2,NA,47,2,NA,1,3,NA
26466,1991,201,3,NA,NA,3,NA,21,NA,NA,3,NA,NA
26467,1991,202,3,NA,NA,4,NA,21,NA,NA,4,NA,NA
26478,1991,213,3,NA,NA,2,NA,65,NA,NA,2,NA,NA
26483,1991,218,3,NA,NA,2,NA,28,NA,NA,2,NA,NA
26487,1991,222,3,NA,NA,2,NA,47,NA,NA,1,NA,NA
26490,1991,225,3,NA,NA,2,NA,22,NA,NA,2,NA,NA
26552,1991,287,3,NA,NA,3,NA,35,3,NA,2,3,NA
26782,1991,517,3,NA,NA,3,NA,32,NA,NA,3,NA,NA
26787,1991,522,3,NA,NA,4,NA,32,NA,NA,3,3,NA
26920,1991,655,3,NA,NA,NA,NA,22,NA,NA,NA,NA,NA
26922,1991,657,3,NA,NA,2,NA,23,NA,NA,2,NA,NA
26994,1991,729,3,NA,NA,1,NA,81,NA,NA,1,NA,NA
26996,1991,731,3,NA,NA,3,NA,62,3,NA,2,2,NA
27076,1991,811,3,NA,NA,2,NA,76,2,NA,2,2,NA
27226,1991,961,3,NA,NA,2,NA,40,NA,NA,2,NA,NA
27321,1991,1056,3,NA,NA,4,NA,35,NA,NA,3,NA,NA
27330,1991,1065,3,NA,NA,4,NA,39,NA,NA,3,NA,NA
27788,1993,6,3,NA,NA,2,NA,83,2,NA,2,2,NA
27789,1993,7,3,NA,NA,2,NA,55,2,NA,1,2,NA
27790,1993,8,3,NA,NA,2,NA,75,2,NA,2,2,NA
27805,1993,23,3,NA,NA,4,NA,80,NA,NA,4,NA,NA
27941,1993,159,3,NA,NA,3,NA,55,3,NA,NA,NA,NA
27957,1993,175,3,NA,NA,2,NA,40,NA,NA,2,NA,NA
27976,1993,194,3,NA,NA,2,NA,37,3,NA,NA,2,NA
27986,1993,204,3,NA,NA,2,NA,69,2,NA,1,2,NA
28013,1993,231,3,NA,NA,2,NA,60,2,NA,2,2,NA
28021,1993,239,3,NA,NA,3,NA,50,NA,NA,3,NA,NA
28022,1993,240,3,NA,NA,2,NA,53,NA,NA,NA,NA,NA
28087,1993,305,3,NA,NA,3,NA,52,3,NA,3,NA,NA
28272,1993,490,3,NA,NA,4,NA,40,4,NA,3,4,NA
28315,1993,533,3,NA,NA,4,NA,39,NA,NA,2,NA,NA
28574,1993,792,3,NA,NA,4,NA,38,4,NA,NA,NA,NA
28594,1993,812,3,NA,NA,2,NA,30,NA,NA,2,NA,NA
28595,1993,813,3,NA,NA,3,NA,49,NA,NA,3,NA,NA
28605,1993,823,3,NA,NA,3,NA,74,3,NA,3,NA,NA
28609,1993,827,3,NA,NA,3,NA,30,NA,NA,NA,NA,NA
28623,1993,841,3,NA,NA,3,NA,27,NA,NA,3,NA,NA
28626,1993,844,3,NA,NA,4,NA,21,NA,NA,2,NA,NA
28630,1993,848,3,NA,NA,2,NA,31,3,NA,NA,3,NA
28654,1993,872,3,NA,NA,4,NA,37,NA,NA,4,NA,NA
28656,1993,874,3,NA,NA,4,NA,32,4,NA,4,4,NA
28783,1993,1001,3,NA,NA,3,NA,65,3,NA,3,3,NA
28786,1993,1004,3,NA,NA,3,NA,40,3,NA,NA,NA,NA
28822,1993,1040,3,NA,NA,4,NA,25,NA,NA,NA,NA,NA
28840,1993,1058,3,NA,NA,4,NA,46,4,NA,2,2,NA
29056,1993,1274,3,NA,NA,4,NA,46,4,NA,4,4,NA
29127,1993,1345,3,NA,NA,3,NA,64,3,NA,3,1,NA
29143,1993,1361,3,NA,NA,3,NA,29,NA,NA,3,NA,NA
29167,1993,1385,3,NA,NA,3,NA,33,NA,NA,3,NA,NA
29203,1993,1421,3,NA,NA,3,NA,34,NA,NA,2,NA,NA
29400,1994,12,3,NA,NA,3,NA,31,NA,NA,3,NA,NA
29405,1994,17,3,NA,NA,3,NA,52,3,NA,2,3,NA
29409,1994,21,3,NA,NA,3,NA,26,NA,NA,3,NA,NA
29410,1994,22,3,NA,NA,4,NA,51,NA,NA,4,NA,NA
29423,1994,35,3,NA,NA,4,NA,30,NA,NA,3,NA,NA
29424,1994,36,3,NA,NA,2,NA,39,NA,NA,2,NA,NA
29425,1994,37,3,NA,NA,1,NA,23,NA,NA,1,NA,NA
29429,1994,41,3,NA,NA,3,NA,41,NA,NA,NA,NA,NA
29432,1994,44,3,NA,NA,4,NA,78,NA,NA,4,NA,NA
29483,1994,95,3,NA,NA,3,NA,63,3,NA,3,2,NA
29500,1994,112,3,NA,NA,4,NA,80,NA,NA,2,NA,NA
29527,1994,139,3,NA,NA,3,NA,48,NA,NA,3,NA,NA
29539,1994,151,3,NA,NA,2,NA,34,NA,NA,NA,NA,NA
29540,1994,152,3,NA,NA,4,NA,48,NA,NA,4,NA,NA
29541,1994,153,3,NA,NA,4,NA,35,NA,NA,4,NA,NA
29574,1994,186,3,NA,NA,3,NA,62,NA,NA,3,NA,NA
29576,1994,188,3,NA,NA,3,NA,75,NA,NA,NA,NA,NA
29577,1994,189,3,NA,NA,3,NA,68,NA,NA,3,NA,NA
29603,1994,215,3,NA,NA,3,NA,59,NA,NA,2,NA,NA
29608,1994,220,3,NA,NA,2,NA,41,1,NA,1,1,NA
29615,1994,227,3,NA,NA,3,NA,40,NA,NA,2,NA,NA
29638,1994,250,3,NA,NA,3,NA,35,3,NA,NA,2,NA
29699,1994,311,3,NA,NA,3,NA,40,NA,NA,3,NA,NA
29800,1994,412,3,NA,NA,4,NA,82,NA,NA,3,NA,NA
29925,1994,537,3,NA,NA,3,NA,35,NA,NA,3,NA,NA
29930,1994,542,3,NA,NA,2,NA,52,NA,NA,2,NA,NA
30054,1994,666,3,NA,NA,3,NA,41,NA,NA,3,NA,NA
30055,1994,667,3,NA,NA,3,NA,46,NA,NA,3,NA,NA
30056,1994,668,3,NA,NA,2,NA,30,NA,NA,2,NA,NA
30146,1994,758,3,NA,NA,3,NA,24,NA,NA,3,NA,NA
30147,1994,759,3,NA,NA,3,NA,33,3,NA,NA,3,NA
30343,1994,955,3,NA,NA,3,NA,22,NA,NA,3,NA,NA
30398,1994,1010,3,NA,NA,4,NA,28,NA,NA,4,NA,NA
30472,1994,1084,3,NA,NA,2,NA,46,NA,NA,NA,NA,NA
30520,1994,1132,3,NA,NA,2,NA,73,NA,NA,NA,NA,NA
30528,1994,1140,3,NA,NA,3,NA,38,2,NA,3,2,NA
30530,1994,1142,3,NA,NA,3,NA,80,NA,NA,2,NA,NA
30535,1994,1147,3,NA,NA,2,NA,25,NA,NA,2,NA,NA
30582,1994,1194,3,NA,NA,3,NA,23,NA,NA,3,NA,NA
30617,1994,1229,3,NA,NA,1,NA,23,NA,NA,NA,NA,NA
30746,1994,1358,3,NA,NA,3,NA,70,NA,NA,2,NA,NA
30749,1994,1361,3,NA,NA,2,NA,64,NA,NA,2,NA,NA
30828,1994,1440,3,NA,NA,3,NA,39,NA,NA,3,NA,NA
30836,1994,1448,3,NA,NA,2,NA,35,NA,NA,1,NA,NA
30850,1994,1462,3,NA,NA,4,NA,32,NA,NA,4,NA,NA
31012,1994,1624,3,NA,NA,2,NA,53,NA,NA,2,NA,NA
31049,1994,1661,3,NA,NA,3,NA,72,NA,NA,3,NA,NA
31077,1994,1689,3,NA,NA,3,NA,69,NA,NA,2,NA,NA
31100,1994,1712,3,NA,NA,2,NA,28,NA,NA,2,NA,NA
31227,1994,1839,3,NA,NA,3,NA,89,NA,NA,3,NA,NA
31433,1994,2045,3,NA,NA,3,NA,55,NA,NA,NA,NA,NA
31484,1994,2096,3,NA,NA,4,NA,74,NA,NA,NA,NA,NA
31550,1994,2162,3,NA,NA,2,NA,47,NA,NA,NA,NA,NA
31552,1994,2164,3,NA,NA,4,NA,45,NA,NA,2,NA,NA
31655,1994,2267,3,NA,NA,3,NA,27,NA,NA,NA,NA,NA
31773,1994,2385,3,NA,NA,4,NA,59,NA,NA,NA,NA,NA
31977,1994,2589,3,NA,NA,2,NA,71,NA,NA,NA,NA,NA
32049,1994,2661,3,NA,NA,3,NA,28,NA,NA,NA,NA,NA
32369,1994,2981,3,NA,NA,1,NA,64,NA,NA,1,NA,NA
32381,1996,1,3,NA,NA,2,NA,79,NA,NA,1,NA,NA
32392,1996,12,3,NA,NA,3,NA,43,NA,NA,3,NA,NA
32393,1996,13,3,NA,NA,4,NA,45,NA,NA,4,NA,NA
32411,1996,31,3,NA,NA,4,NA,40,NA,NA,NA,NA,NA
32414,1996,34,3,NA,NA,3,NA,25,NA,NA,3,NA,NA
32434,1996,54,3,NA,NA,2,NA,25,NA,NA,NA,NA,NA
32446,1996,66,3,NA,NA,3,NA,35,NA,NA,3,NA,NA
32448,1996,68,3,NA,NA,4,NA,73,NA,NA,2,NA,NA
32449,1996,69,3,NA,NA,2,NA,NA,NA,NA,2,NA,NA
32450,1996,70,3,NA,NA,2,NA,80,NA,NA,1,NA,NA
32453,1996,73,3,NA,NA,NA,NA,81,NA,NA,3,NA,NA
32475,1996,95,3,NA,NA,1,NA,38,NA,NA,2,NA,NA
32500,1996,120,3,NA,NA,3,NA,89,NA,NA,3,NA,NA
32501,1996,121,3,NA,NA,3,NA,71,NA,NA,NA,NA,NA
32543,1996,163,3,NA,NA,3,NA,46,NA,NA,2,NA,NA
32570,1996,190,3,NA,NA,3,NA,43,NA,NA,2,NA,NA
32596,1996,216,3,NA,NA,2,NA,53,NA,NA,2,NA,NA
32599,1996,219,3,NA,NA,3,NA,39,NA,NA,3,NA,NA
32600,1996,220,3,NA,NA,3,NA,48,NA,NA,3,NA,NA
32602,1996,222,3,NA,NA,2,NA,79,NA,NA,1,NA,NA
32603,1996,223,3,NA,NA,3,NA,45,NA,NA,NA,NA,NA
32608,1996,228,3,NA,NA,4,NA,53,NA,NA,2,NA,NA
32674,1996,294,3,NA,NA,NA,NA,47,NA,NA,NA,NA,NA
32751,1996,371,3,NA,NA,3,NA,49,NA,NA,3,NA,NA
32787,1996,407,3,NA,NA,NA,NA,29,NA,NA,2,NA,NA
32872,1996,492,3,NA,NA,4,NA,37,NA,NA,4,NA,NA
32881,1996,501,3,NA,NA,4,NA,77,NA,NA,4,NA,NA
32921,1996,541,3,NA,NA,4,NA,21,NA,NA,2,NA,NA
32923,1996,543,3,NA,NA,3,NA,38,NA,NA,2,NA,NA
32925,1996,545,3,NA,NA,3,NA,35,NA,NA,2,NA,NA
32927,1996,547,3,NA,NA,2,NA,56,NA,NA,2,NA,NA
32928,1996,548,3,NA,NA,4,NA,36,NA,NA,3,NA,NA
32960,1996,580,3,NA,NA,3,NA,51,NA,NA,3,NA,NA
32961,1996,581,3,NA,NA,3,NA,53,NA,NA,2,NA,NA
33005,1996,625,3,NA,NA,1,NA,25,NA,NA,1,NA,NA
33030,1996,650,3,NA,NA,2,NA,28,NA,NA,2,NA,NA
33042,1996,662,3,NA,NA,3,NA,35,NA,NA,3,NA,NA
33076,1996,696,3,NA,NA,2,NA,70,NA,NA,2,NA,NA
33078,1996,698,3,NA,NA,3,NA,30,NA,NA,NA,NA,NA
33086,1996,706,3,NA,NA,3,NA,45,NA,NA,3,NA,NA
33115,1996,735,3,NA,NA,3,NA,41,NA,NA,1,NA,NA
33186,1996,806,3,NA,NA,2,NA,35,NA,NA,2,NA,NA
33268,1996,888,3,NA,NA,3,NA,24,NA,NA,3,NA,NA
33302,1996,922,3,NA,NA,4,NA,36,NA,NA,2,NA,NA
33356,1996,976,3,NA,NA,4,NA,38,NA,NA,2,NA,NA
33427,1996,1047,3,NA,NA,3,NA,37,NA,NA,3,NA,NA
33440,1996,1060,3,NA,NA,2,NA,44,NA,NA,2,NA,NA
33441,1996,1061,3,NA,NA,1,NA,38,NA,NA,1,NA,NA
33654,1996,1274,3,NA,NA,3,NA,59,NA,NA,3,NA,NA
33655,1996,1275,3,NA,NA,3,NA,68,NA,NA,3,NA,NA
33702,1996,1322,3,NA,NA,4,NA,20,NA,NA,NA,NA,NA
33734,1996,1354,3,NA,NA,3,NA,45,NA,NA,3,NA,NA
33739,1996,1359,3,NA,NA,4,NA,57,NA,NA,3,NA,NA
33802,1996,1422,3,NA,NA,2,NA,70,NA,NA,4,NA,NA
33924,1996,1544,3,NA,NA,2,NA,49,NA,NA,2,NA,NA
33927,1996,1547,3,NA,NA,4,NA,70,NA,NA,3,NA,NA
33930,1996,1550,3,NA,NA,3,NA,52,NA,NA,3,NA,NA
34002,1996,1622,3,NA,NA,3,NA,48,NA,NA,3,NA,NA
34037,1996,1657,3,NA,NA,2,NA,75,NA,NA,2,NA,NA
34039,1996,1659,3,NA,NA,2,NA,48,NA,NA,2,NA,NA
34040,1996,1660,3,NA,NA,4,NA,58,NA,NA,4,NA,NA
34070,1996,1690,3,NA,NA,1,NA,86,NA,NA,1,NA,NA
34071,1996,1691,3,NA,NA,2,NA,80,NA,NA,2,NA,NA
34323,1996,1943,3,NA,NA,2,NA,39,NA,NA,3,NA,NA
34325,1996,1945,3,NA,NA,3,NA,76,NA,NA,3,NA,NA
34326,1996,1946,3,NA,NA,3,NA,49,NA,NA,3,NA,NA
34409,1996,2029,3,NA,NA,4,NA,27,NA,NA,NA,NA,NA
34458,1996,2078,3,NA,NA,3,NA,50,NA,NA,3,NA,NA
35317,1998,33,3,NA,NA,1,NA,51,NA,NA,NA,NA,NA
35379,1998,95,3,NA,NA,3,NA,63,NA,NA,2,NA,NA
35380,1998,96,3,NA,NA,2,NA,49,NA,NA,2,NA,NA
35382,1998,98,3,NA,NA,3,NA,64,NA,NA,2,NA,NA
35384,1998,100,3,NA,NA,3,NA,72,NA,NA,3,NA,NA
35451,1998,167,3,NA,NA,3,NA,40,NA,NA,2,NA,NA
35464,1998,180,3,NA,NA,2,NA,44,NA,NA,2,NA,NA
35465,1998,181,3,NA,NA,4,NA,42,NA,NA,3,NA,NA
35466,1998,182,3,NA,NA,3,NA,51,NA,NA,2,NA,NA
35467,1998,183,3,NA,NA,4,NA,54,NA,NA,1,NA,NA
35471,1998,187,3,NA,NA,3,NA,44,NA,NA,3,NA,NA
35601,1998,317,3,NA,NA,3,NA,52,NA,NA,NA,NA,NA
35664,1998,380,3,NA,NA,3,NA,72,NA,NA,1,NA,NA
35666,1998,382,3,NA,NA,2,NA,40,NA,NA,1,NA,NA
35673,1998,389,3,NA,NA,3,NA,28,NA,NA,3,NA,NA
35757,1998,473,3,NA,NA,4,NA,85,NA,NA,NA,NA,NA
35777,1998,493,3,NA,NA,3,NA,89,NA,NA,3,NA,NA
35778,1998,494,3,NA,NA,4,NA,72,NA,NA,1,NA,NA
35780,1998,496,3,NA,NA,1,NA,57,NA,NA,1,NA,NA
35813,1998,529,3,NA,NA,2,NA,40,NA,NA,2,NA,NA
35818,1998,534,3,NA,NA,1,NA,65,NA,NA,1,NA,NA
35822,1998,538,3,NA,NA,4,NA,20,NA,NA,3,NA,NA
35900,1998,616,3,NA,NA,2,NA,76,NA,NA,2,NA,NA
35905,1998,621,3,NA,NA,3,NA,45,NA,NA,3,NA,NA
35909,1998,625,3,NA,NA,3,NA,53,NA,NA,2,NA,NA
35910,1998,626,3,NA,NA,3,NA,52,NA,NA,3,NA,NA
35911,1998,627,3,NA,NA,2,NA,73,NA,NA,1,NA,NA
36000,1998,716,3,NA,NA,4,NA,34,NA,NA,NA,NA,NA
36240,1998,956,3,NA,NA,NA,NA,36,NA,NA,NA,NA,NA
36268,1998,984,3,NA,NA,2,NA,63,NA,NA,NA,NA,NA
36422,1998,1138,3,NA,NA,4,NA,53,NA,NA,3,NA,NA
36562,1998,1278,3,NA,NA,3,NA,31,NA,NA,3,NA,NA
36563,1998,1279,3,NA,NA,3,NA,56,NA,NA,3,NA,NA
36568,1998,1284,3,NA,NA,3,NA,40,NA,NA,2,NA,NA
36596,1998,1312,3,NA,NA,2,NA,22,NA,NA,2,NA,NA
36704,1998,1420,3,NA,NA,3,NA,46,NA,NA,3,NA,NA
36742,1998,1458,3,NA,NA,3,NA,28,NA,NA,3,NA,NA
36821,1998,1537,3,NA,NA,3,NA,73,NA,NA,2,NA,NA
36822,1998,1538,3,NA,NA,3,NA,75,NA,NA,1,NA,NA
36825,1998,1541,3,NA,NA,3,NA,60,NA,NA,2,NA,NA
36946,1998,1662,3,NA,NA,1,NA,58,NA,NA,2,NA,NA
36950,1998,1666,3,NA,NA,NA,NA,45,NA,NA,3,NA,NA
37011,1998,1727,3,NA,NA,2,NA,78,NA,NA,2,NA,NA
37057,1998,1773,3,NA,NA,4,NA,48,NA,NA,NA,NA,NA
37120,1998,1836,3,NA,NA,2,NA,29,NA,NA,2,NA,NA
37158,1998,1874,3,NA,NA,4,NA,24,NA,NA,NA,NA,NA
37176,1998,1892,3,NA,NA,4,NA,57,NA,NA,2,NA,NA
37235,1998,1951,3,NA,NA,2,NA,26,NA,NA,2,NA,NA
37373,1998,2089,3,NA,NA,2,NA,25,NA,NA,NA,NA,NA
37376,1998,2092,3,NA,NA,4,NA,44,NA,NA,3,NA,NA
38133,2000,17,3,NA,NA,2,NA,77,NA,NA,NA,NA,NA
38222,2000,106,3,NA,NA,3,NA,45,NA,NA,NA,NA,NA
38223,2000,107,3,NA,NA,NA,NA,56,NA,NA,NA,NA,NA
38224,2000,108,3,NA,NA,2,NA,47,NA,NA,2,NA,NA
38225,2000,109,3,NA,NA,2,NA,72,NA,NA,2,NA,NA
38296,2000,180,3,NA,NA,4,NA,45,NA,NA,NA,NA,NA
38301,2000,185,3,NA,NA,4,NA,50,NA,NA,4,NA,NA
38302,2000,186,3,NA,NA,3,NA,51,NA,NA,NA,NA,NA
38305,2000,189,3,NA,NA,NA,NA,39,NA,NA,NA,NA,NA
38307,2000,191,3,NA,NA,4,NA,40,NA,NA,4,NA,NA
38368,2000,252,3,NA,NA,2,NA,48,NA,NA,2,NA,NA
38438,2000,322,3,NA,NA,3,NA,29,NA,NA,3,NA,NA
38461,2000,345,3,NA,NA,4,NA,40,NA,NA,3,NA,NA
38479,2000,363,3,NA,NA,3,NA,50,NA,NA,3,NA,NA
38481,2000,365,3,NA,NA,3,NA,36,NA,NA,3,NA,NA
38483,2000,367,3,NA,NA,3,NA,71,NA,NA,3,NA,NA
38507,2000,391,3,NA,NA,3,NA,71,NA,NA,4,NA,NA
38509,2000,393,3,NA,NA,1,NA,43,NA,NA,1,NA,NA
38511,2000,395,3,NA,NA,2,NA,40,NA,NA,NA,NA,NA
38519,2000,403,3,NA,NA,4,NA,45,NA,NA,3,NA,NA
38534,2000,418,3,NA,NA,3,NA,20,NA,NA,3,NA,NA
38536,2000,420,3,NA,NA,3,NA,46,NA,NA,2,NA,NA
38547,2000,431,3,NA,NA,4,NA,38,NA,NA,4,NA,NA
38600,2000,484,3,NA,NA,2,NA,19,NA,NA,2,NA,NA
38607,2000,491,3,NA,NA,3,NA,55,NA,NA,4,NA,NA
38608,2000,492,3,NA,NA,4,NA,51,NA,NA,2,NA,NA
38624,2000,508,3,NA,NA,NA,NA,54,NA,NA,NA,NA,NA
38625,2000,509,3,NA,NA,3,NA,57,NA,NA,3,NA,NA
38652,2000,536,3,NA,NA,4,NA,55,NA,NA,3,NA,NA
38656,2000,540,3,NA,NA,2,NA,36,NA,NA,4,NA,NA
38661,2000,545,3,NA,NA,4,NA,45,NA,NA,4,NA,NA
38733,2000,617,3,NA,NA,3,NA,54,NA,NA,3,NA,NA
38734,2000,618,3,NA,NA,4,NA,23,NA,NA,2,NA,NA
38749,2000,633,3,NA,NA,NA,NA,36,NA,NA,NA,NA,NA
38751,2000,635,3,NA,NA,NA,NA,56,NA,NA,NA,NA,NA
38786,2000,670,3,NA,NA,3,NA,45,NA,NA,2,NA,NA
39195,2000,1079,3,NA,NA,3,NA,35,NA,NA,NA,NA,NA
39201,2000,1085,3,NA,NA,3,NA,63,NA,NA,NA,NA,NA
39251,2000,1135,3,NA,NA,1,NA,30,NA,NA,NA,NA,NA
39285,2000,1169,3,NA,NA,3,NA,45,NA,NA,3,NA,NA
39309,2000,1193,3,NA,NA,3,NA,44,NA,NA,NA,NA,NA
39391,2000,1275,3,NA,NA,3,NA,42,NA,NA,NA,NA,NA
39624,2000,1508,3,NA,NA,3,NA,33,NA,NA,3,NA,NA
39642,2000,1526,3,NA,NA,NA,NA,70,NA,NA,NA,NA,NA
39645,2000,1529,3,NA,NA,3,NA,69,NA,NA,2,NA,NA
39648,2000,1532,3,NA,NA,2,NA,80,NA,NA,2,NA,NA
39659,2000,1543,3,NA,NA,NA,NA,42,NA,NA,NA,NA,NA
39708,2000,1592,3,NA,NA,NA,NA,39,NA,NA,NA,NA,NA
39710,2000,1594,3,NA,NA,3,NA,28,NA,NA,3,NA,NA
39712,2000,1596,3,NA,NA,NA,NA,25,NA,NA,NA,NA,NA
39752,2000,1636,3,NA,NA,2,NA,50,NA,NA,2,NA,NA
39755,2000,1639,3,NA,NA,NA,NA,39,NA,NA,NA,NA,NA
39756,2000,1640,3,NA,NA,1,NA,47,NA,NA,2,NA,NA
39792,2000,1676,3,NA,NA,3,NA,35,NA,NA,3,NA,NA
39796,2000,1680,3,NA,NA,3,NA,68,NA,NA,2,NA,NA
39867,2000,1751,3,NA,NA,3,NA,42,NA,NA,3,NA,NA
39868,2000,1752,3,NA,NA,2,NA,54,NA,NA,3,NA,NA
39894,2000,1778,3,NA,NA,2,NA,66,NA,NA,NA,NA,NA
39968,2000,1852,3,NA,NA,3,NA,41,NA,NA,2,NA,NA
40066,2000,1950,3,NA,NA,3,NA,71,NA,NA,2,NA,NA
40084,2000,1968,3,NA,NA,3,NA,29,NA,NA,3,NA,NA
40151,2000,2035,3,NA,NA,3,NA,83,NA,NA,1,NA,NA
40157,2000,2041,3,NA,NA,4,NA,29,NA,NA,4,NA,NA
40967,2002,34,3,NA,NA,3,NA,63,NA,NA,3,NA,NA
41029,2002,96,3,NA,NA,3,NA,53,NA,NA,2,NA,NA
41030,2002,97,3,NA,NA,3,NA,50,NA,NA,2,NA,NA
41051,2002,118,3,NA,NA,4,NA,71,NA,NA,4,NA,NA
41133,2002,200,3,NA,NA,3,NA,57,NA,NA,3,NA,NA
41249,2002,316,3,NA,NA,4,NA,68,NA,NA,2,NA,NA
41250,2002,317,3,NA,NA,3,NA,47,NA,NA,3,NA,NA
41251,2002,318,3,NA,NA,3,NA,75,NA,NA,3,NA,NA
41252,2002,319,3,NA,NA,4,NA,28,NA,NA,3,NA,NA
41253,2002,320,3,NA,NA,3,NA,51,NA,NA,3,NA,NA
41273,2002,340,3,NA,NA,2,NA,65,NA,NA,2,NA,NA
41385,2002,452,3,NA,NA,3,NA,43,NA,NA,3,NA,NA
41389,2002,456,3,NA,NA,4,NA,48,NA,NA,4,NA,NA
41390,2002,457,3,NA,NA,3,NA,63,NA,NA,3,NA,NA
41406,2002,473,3,NA,NA,4,NA,52,NA,NA,4,NA,NA
41408,2002,475,3,NA,NA,2,NA,85,NA,NA,2,NA,NA
41411,2002,478,3,NA,NA,1,NA,75,NA,NA,2,NA,NA
41412,2002,479,3,NA,NA,4,NA,51,NA,NA,4,NA,NA
41413,2002,480,3,NA,NA,3,NA,37,NA,NA,NA,NA,NA
41455,2002,522,3,NA,NA,3,NA,61,NA,NA,2,NA,NA
41458,2002,525,3,NA,NA,4,NA,53,NA,NA,1,NA,NA
41480,2002,547,3,NA,NA,3,NA,78,NA,NA,1,NA,NA
41481,2002,548,3,NA,NA,2,NA,63,NA,NA,2,NA,NA
41484,2002,551,3,NA,NA,4,NA,55,NA,NA,4,NA,NA
41485,2002,552,3,NA,NA,4,NA,70,NA,NA,4,NA,NA
41486,2002,553,3,NA,NA,2,NA,60,NA,NA,2,NA,NA
41488,2002,555,3,NA,NA,3,NA,63,NA,NA,3,NA,NA
41490,2002,557,3,NA,NA,3,NA,43,NA,NA,3,NA,NA
41792,2002,859,3,NA,NA,4,NA,36,NA,NA,3,NA,NA
41994,2002,1061,3,NA,NA,1,NA,63,NA,NA,1,NA,NA
42127,2002,1194,3,NA,NA,NA,NA,60,NA,NA,NA,NA,NA
42312,2002,1379,3,NA,NA,4,NA,71,NA,NA,4,NA,NA
42313,2002,1380,3,NA,NA,3,NA,76,NA,NA,2,NA,NA
42329,2002,1396,3,NA,NA,3,NA,23,NA,NA,3,NA,NA
42371,2002,1438,3,NA,NA,3,NA,25,NA,NA,3,NA,NA
42372,2002,1439,3,NA,NA,3,NA,53,NA,NA,3,NA,NA
42406,2002,1473,3,NA,NA,4,NA,62,NA,NA,3,NA,NA
42787,2002,1854,3,NA,NA,3,NA,80,NA,NA,2,NA,NA
42796,2002,1863,3,NA,NA,4,NA,38,NA,NA,3,NA,NA
42797,2002,1864,3,NA,NA,3,NA,31,NA,NA,3,NA,NA
42798,2002,1865,3,NA,NA,1,NA,32,NA,NA,1,NA,NA
42952,2002,2019,3,NA,NA,2,NA,28,NA,NA,NA,NA,NA
43129,2002,2196,3,NA,NA,1,NA,51,NA,NA,NA,NA,NA
43474,2002,2541,3,NA,NA,3,NA,26,NA,NA,3,NA,NA
43480,2002,2547,3,NA,NA,2,NA,22,NA,NA,2,NA,NA
43494,2002,2561,3,NA,NA,2,NA,44,NA,NA,2,NA,NA
43521,2002,2588,3,NA,NA,3,NA,89,NA,NA,3,NA,NA
43604,2002,2671,3,NA,NA,3,NA,58,NA,NA,2,NA,NA
43725,2004,27,3,NA,NA,1,NA,35,NA,NA,1,NA,NA
43726,2004,28,3,NA,NA,4,NA,26,NA,NA,4,NA,NA
43727,2004,29,3,NA,NA,3,NA,81,NA,NA,4,NA,NA
43728,2004,30,3,NA,NA,3,NA,73,NA,NA,1,NA,NA
43729,2004,31,3,NA,NA,2,NA,65,NA,NA,2,NA,NA
43732,2004,34,3,NA,NA,3,NA,30,NA,NA,3,NA,NA
43734,2004,36,3,NA,NA,3,NA,58,NA,NA,3,NA,NA
43736,2004,38,3,NA,NA,3,NA,29,NA,NA,3,NA,NA
43737,2004,39,3,NA,NA,2,NA,53,NA,NA,2,NA,NA
43745,2004,47,3,NA,NA,4,NA,53,NA,NA,2,NA,NA
43758,2004,60,3,NA,NA,4,NA,74,NA,NA,4,NA,NA
43764,2004,66,3,NA,NA,3,NA,48,NA,NA,3,NA,NA
43835,2004,137,3,NA,NA,4,NA,46,NA,NA,3,NA,NA
43865,2004,167,3,NA,NA,1,NA,50,NA,NA,NA,NA,NA
43948,2004,250,3,NA,NA,3,NA,59,NA,NA,2,NA,NA
43956,2004,258,3,NA,NA,4,NA,50,NA,NA,4,NA,NA
43957,2004,259,3,NA,NA,4,NA,44,NA,NA,4,NA,NA
43958,2004,260,3,NA,NA,4,NA,28,NA,NA,4,NA,NA
44056,2004,358,3,NA,NA,3,NA,81,NA,NA,3,NA,NA
44061,2004,363,3,NA,NA,3,NA,48,NA,NA,NA,NA,NA
44108,2004,410,3,NA,NA,2,NA,84,NA,NA,1,NA,NA
44110,2004,412,3,NA,NA,4,NA,21,NA,NA,4,NA,NA
44131,2004,433,3,NA,NA,2,NA,57,NA,NA,NA,NA,NA
44150,2004,452,3,NA,NA,3,NA,33,2,NA,3,NA,NA
44159,2004,461,3,NA,NA,3,NA,35,NA,NA,3,NA,NA
44170,2004,472,3,NA,NA,3,NA,59,NA,NA,3,NA,NA
44173,2004,475,3,NA,NA,3,NA,56,NA,NA,3,NA,NA
44174,2004,476,3,NA,NA,3,NA,80,NA,NA,2,NA,NA
44223,2004,525,3,NA,NA,2,NA,47,NA,NA,2,NA,NA
44379,2004,681,3,NA,NA,3,NA,54,3,NA,2,NA,NA
44380,2004,682,3,NA,NA,3,NA,67,NA,NA,2,NA,NA
44387,2004,689,3,NA,NA,3,NA,63,3,NA,NA,NA,NA
44487,2004,789,3,NA,NA,3,NA,29,NA,NA,3,NA,NA
44544,2004,846,3,NA,NA,3,NA,26,NA,NA,3,NA,NA
44545,2004,847,3,NA,NA,3,NA,62,NA,NA,1,NA,NA
44572,2004,874,3,NA,NA,1,NA,41,NA,NA,2,NA,NA
44573,2004,875,3,NA,NA,1,NA,69,NA,NA,1,NA,NA
44574,2004,876,3,NA,NA,2,NA,52,NA,NA,2,NA,NA
44575,2004,877,3,NA,NA,1,NA,31,NA,NA,1,NA,NA
44577,2004,879,3,NA,NA,2,NA,47,2,NA,1,NA,NA
44579,2004,881,3,NA,NA,2,NA,86,NA,NA,1,NA,NA
44698,2004,1000,3,NA,NA,3,NA,36,NA,NA,NA,NA,NA
44699,2004,1001,3,NA,NA,3,NA,65,NA,NA,3,NA,NA
44732,2004,1034,3,NA,NA,3,NA,52,NA,NA,2,NA,NA
44960,2004,1262,3,NA,NA,2,NA,78,NA,NA,1,NA,NA
45106,2004,1408,3,NA,NA,3,NA,64,NA,NA,NA,NA,NA
45170,2004,1472,3,NA,NA,4,NA,24,NA,NA,4,NA,NA
45286,2004,1588,3,NA,NA,3,NA,83,NA,NA,1,NA,NA
45357,2004,1659,3,NA,NA,3,NA,31,NA,NA,NA,NA,NA
45365,2004,1667,3,NA,NA,2,NA,63,NA,NA,1,NA,NA
46151,2004,2453,3,NA,NA,NA,NA,20,NA,NA,NA,NA,NA
46418,2004,2720,3,NA,NA,3,NA,60,NA,NA,3,NA,NA
46419,2004,2721,3,NA,NA,2,NA,89,2,NA,1,NA,NA
46435,2004,2737,3,NA,NA,4,NA,85,NA,NA,4,NA,NA
46453,2004,2755,3,NA,NA,3,NA,67,NA,NA,4,NA,NA
46525,2006,15,3,NA,NA,1,NA,34,1,NA,1,NA,NA
46545,2006,35,3,NA,NA,2,NA,31,2,NA,2,NA,NA
46547,2006,37,3,NA,NA,1,NA,38,NA,NA,NA,NA,NA
46566,2006,56,3,NA,NA,4,NA,70,NA,NA,4,NA,NA
46568,2006,58,3,NA,NA,2,NA,68,2,NA,1,NA,NA
46582,2006,72,3,NA,NA,3,NA,88,NA,NA,3,NA,NA
46587,2006,77,3,NA,NA,2,NA,71,2,NA,2,NA,NA
46588,2006,78,3,NA,NA,3,NA,71,NA,NA,NA,NA,NA
46589,2006,79,3,NA,NA,3,NA,37,NA,NA,NA,NA,NA
46605,2006,95,3,NA,NA,3,NA,58,3,NA,NA,NA,NA
46607,2006,97,3,NA,NA,3,NA,37,2,NA,3,NA,NA
46618,2006,108,3,NA,NA,1,NA,60,NA,NA,1,NA,NA
46679,2006,169,3,NA,NA,1,NA,68,1,NA,1,NA,NA
46681,2006,171,3,NA,NA,3,NA,NA,NA,NA,NA,NA,NA
46712,2006,202,3,NA,NA,3,NA,53,NA,NA,3,NA,NA
46773,2006,263,3,NA,NA,4,NA,54,NA,NA,3,NA,NA
46775,2006,265,3,NA,NA,3,NA,55,NA,NA,3,NA,NA
46778,2006,268,3,NA,NA,2,NA,34,NA,NA,NA,NA,NA
46853,2006,343,3,NA,NA,4,NA,67,NA,NA,4,NA,NA
46914,2006,404,3,NA,NA,4,NA,27,NA,NA,4,NA,NA
46919,2006,409,3,NA,NA,2,NA,21,NA,NA,2,NA,NA
47092,2006,582,3,NA,NA,4,NA,64,NA,NA,NA,NA,NA
47214,2006,704,3,NA,NA,3,NA,46,NA,NA,2,NA,NA
47234,2006,724,3,NA,NA,3,NA,81,NA,NA,4,NA,NA
47286,2006,776,3,NA,NA,4,NA,62,NA,NA,NA,NA,NA
47287,2006,777,3,NA,NA,2,NA,86,NA,NA,1,NA,NA
47479,2006,969,3,NA,NA,3,NA,29,NA,NA,3,NA,NA
47488,2006,978,3,NA,NA,3,NA,41,NA,NA,NA,NA,NA
47513,2006,1003,3,NA,NA,2,NA,56,NA,NA,NA,NA,NA
47534,2006,1024,3,NA,NA,4,NA,35,NA,NA,4,NA,NA
47583,2006,1073,3,NA,NA,4,NA,24,NA,NA,4,NA,NA
47611,2006,1101,3,NA,NA,3,NA,88,NA,NA,3,NA,NA
47614,2006,1104,3,NA,NA,4,NA,86,NA,NA,NA,NA,NA
47615,2006,1105,3,NA,NA,4,NA,70,NA,NA,4,NA,NA
47616,2006,1106,3,NA,NA,3,NA,57,3,NA,2,NA,NA
47623,2006,1113,3,NA,NA,3,NA,83,NA,NA,NA,NA,NA
47626,2006,1116,3,NA,NA,3,NA,37,3,NA,2,NA,NA
47689,2006,1179,3,NA,NA,2,NA,54,2,NA,2,NA,NA
47696,2006,1186,3,NA,NA,NA,NA,43,NA,NA,NA,NA,NA
47773,2006,1263,3,NA,NA,2,NA,40,NA,NA,NA,NA,NA
47788,2006,1278,3,NA,NA,4,NA,56,NA,NA,3,NA,NA
47852,2006,1342,3,NA,NA,2,NA,84,2,NA,1,NA,NA
47928,2006,1418,3,NA,NA,2,NA,43,NA,NA,NA,NA,NA
47983,2006,1473,3,NA,NA,3,NA,82,3,NA,3,NA,NA
47986,2006,1476,3,NA,NA,2,NA,51,NA,NA,1,NA,NA
47987,2006,1477,3,NA,NA,3,NA,56,NA,NA,NA,NA,NA
47989,2006,1479,3,NA,NA,3,NA,47,NA,NA,NA,NA,NA
47990,2006,1480,3,NA,NA,3,NA,22,NA,NA,3,NA,NA
47991,2006,1481,3,NA,NA,4,NA,37,4,NA,4,NA,NA
47992,2006,1482,3,NA,NA,1,NA,76,1,NA,1,NA,NA
47993,2006,1483,3,NA,NA,1,NA,21,NA,NA,1,NA,NA
47994,2006,1484,3,NA,NA,3,NA,62,NA,NA,NA,NA,NA
48166,2006,1656,3,NA,NA,4,NA,31,NA,NA,NA,NA,NA
48210,2006,1700,3,NA,NA,3,NA,53,NA,NA,3,NA,NA
48213,2006,1703,3,NA,NA,2,NA,73,2,NA,1,NA,NA
48215,2006,1705,3,NA,NA,2,NA,19,NA,NA,2,NA,NA
48584,2006,2074,3,NA,NA,3,NA,36,4,NA,3,NA,NA
48708,2006,2198,3,NA,NA,2,NA,55,2,NA,2,NA,NA
48917,2006,2407,3,NA,NA,3,NA,38,NA,NA,NA,NA,NA
48918,2006,2408,3,NA,NA,3,NA,44,NA,NA,NA,NA,NA
48939,2006,2429,3,NA,NA,2,NA,79,NA,NA,NA,NA,NA
48941,2006,2431,3,NA,NA,3,NA,29,NA,NA,NA,NA,NA
49049,2006,2539,3,NA,NA,2,NA,68,NA,NA,NA,NA,NA
49082,2006,2572,3,NA,NA,1,NA,37,NA,NA,1,NA,NA
49131,2006,2621,3,NA,NA,3,NA,72,3,NA,1,NA,NA
49136,2006,2626,3,NA,NA,1,NA,41,NA,NA,1,NA,NA
49236,2006,2726,3,NA,NA,3,NA,30,NA,NA,NA,NA,NA
49325,2006,2815,3,NA,NA,2,NA,59,NA,NA,NA,NA,NA
49432,2006,2922,3,NA,NA,3,NA,78,NA,NA,NA,NA,NA
49544,2006,3034,3,NA,NA,3,NA,25,NA,NA,3,NA,NA
49647,2006,3137,3,NA,NA,2,NA,25,NA,NA,2,NA,NA
49716,2006,3206,3,NA,NA,NA,NA,51,NA,NA,NA,NA,NA
49919,2006,3409,3,NA,NA,3,NA,62,NA,NA,NA,NA,NA
49995,2006,3485,3,NA,NA,1,NA,24,1,NA,1,NA,NA
49997,2006,3487,3,NA,NA,1,NA,30,1,NA,1,NA,NA
50478,2006,3968,3,NA,NA,4,NA,40,NA,NA,NA,NA,NA
50929,2006,4419,3,NA,NA,3,NA,45,NA,NA,3,NA,NA
50939,2006,4429,3,NA,NA,3,NA,87,NA,NA,1,NA,NA
51038,2008,18,3,NA,NA,1,NA,33,1,NA,1,1,NA
51050,2008,30,3,NA,NA,2,NA,45,NA,NA,2,NA,NA
51051,2008,31,3,NA,NA,4,NA,78,NA,NA,1,NA,NA
51082,2008,62,3,NA,NA,2,NA,43,4,NA,3,3,NA
51090,2008,70,3,NA,NA,3,NA,40,NA,NA,3,NA,NA
51114,2008,94,3,NA,NA,3,NA,57,3,NA,NA,3,NA
51131,2008,111,3,NA,NA,3,NA,25,NA,NA,3,NA,NA
51132,2008,112,3,NA,NA,1,NA,34,1,NA,1,1,NA
51133,2008,113,3,NA,NA,2,NA,34,2,NA,2,1,NA
51197,2008,177,3,NA,NA,2,NA,53,NA,NA,NA,NA,NA
51302,2008,282,3,NA,NA,4,NA,33,NA,NA,4,NA,NA
51322,2008,302,3,NA,NA,4,NA,63,NA,NA,4,NA,NA
51358,2008,338,3,NA,NA,2,NA,56,2,NA,1,NA,NA
51359,2008,339,3,NA,NA,2,NA,78,NA,NA,2,NA,NA
51456,2008,436,3,NA,NA,2,NA,24,NA,NA,2,NA,NA
51458,2008,438,3,NA,NA,3,NA,35,NA,NA,3,NA,NA
51516,2008,496,3,NA,NA,2,NA,24,NA,NA,2,NA,NA
51517,2008,497,3,NA,NA,1,NA,71,NA,NA,1,NA,NA
51530,2008,510,3,NA,NA,2,NA,46,2,NA,2,2,NA
51535,2008,515,3,NA,NA,4,NA,38,NA,NA,4,NA,NA
51539,2008,519,3,NA,NA,1,NA,45,1,NA,1,1,NA
51564,2008,544,3,NA,NA,2,NA,19,NA,NA,2,NA,NA
51681,2008,661,3,NA,NA,2,NA,36,2,NA,2,2,NA
51685,2008,665,3,NA,NA,1,NA,32,1,NA,1,1,NA
51686,2008,666,3,NA,NA,1,NA,63,NA,NA,1,NA,NA
51687,2008,667,3,NA,NA,1,NA,55,NA,NA,NA,NA,NA
51688,2008,668,3,NA,NA,3,NA,77,NA,NA,1,NA,NA
51761,2008,741,3,NA,NA,3,NA,45,NA,NA,2,NA,NA
51778,2008,758,3,NA,NA,4,NA,66,NA,NA,2,NA,NA
51859,2008,839,3,NA,NA,3,NA,67,NA,NA,3,NA,NA
51947,2008,927,3,NA,NA,3,NA,20,NA,NA,3,NA,NA
51986,2008,966,3,NA,NA,3,NA,33,NA,NA,NA,NA,NA
52000,2008,980,3,NA,NA,3,NA,70,3,NA,3,3,NA
52009,2008,989,3,NA,NA,4,NA,53,NA,NA,NA,NA,NA
52127,2008,1107,3,NA,NA,3,NA,74,3,NA,NA,3,NA
52128,2008,1108,3,NA,NA,2,NA,39,NA,NA,2,NA,NA
52480,2008,1460,3,NA,NA,2,NA,42,2,NA,NA,2,NA
52996,2008,1976,3,NA,NA,2,NA,37,2,NA,2,2,NA
53011,2008,1991,3,NA,NA,3,NA,72,NA,NA,NA,NA,NA
53072,2010,29,3,NA,NA,2,NA,33,NA,NA,2,NA,NA
53075,2010,32,3,NA,NA,4,NA,34,4,NA,4,NA,NA
53080,2010,37,3,NA,NA,4,NA,84,NA,NA,3,NA,NA
53081,2010,38,3,NA,NA,3,NA,53,3,NA,4,NA,NA
53082,2010,39,3,NA,NA,4,NA,83,NA,NA,4,NA,NA
53083,2010,40,3,NA,NA,3,NA,69,2,NA,3,NA,NA
53108,2010,65,3,NA,NA,3,NA,34,3,NA,3,NA,NA
53150,2010,107,3,NA,NA,4,NA,61,NA,NA,2,NA,NA
53151,2010,108,3,NA,NA,3,NA,50,3,NA,3,NA,NA
53152,2010,109,3,NA,NA,3,NA,51,3,NA,2,NA,NA
53156,2010,113,3,NA,NA,3,NA,64,3,NA,NA,NA,NA
53221,2010,178,3,NA,NA,1,NA,46,2,NA,2,NA,NA
53229,2010,186,3,NA,NA,4,NA,24,NA,NA,NA,NA,NA
53269,2010,226,3,NA,NA,3,NA,68,NA,NA,3,NA,NA
53360,2010,317,3,NA,NA,3,NA,72,NA,NA,NA,NA,NA
53364,2010,321,3,NA,NA,2,NA,65,2,NA,4,NA,NA
53378,2010,335,3,NA,NA,4,NA,79,NA,NA,4,NA,NA
53383,2010,340,3,NA,NA,3,NA,85,NA,NA,NA,NA,NA
53384,2010,341,3,NA,NA,2,NA,62,2,NA,2,NA,NA
53395,2010,352,3,NA,NA,3,NA,55,NA,NA,3,NA,NA
53407,2010,364,3,NA,NA,2,NA,53,2,NA,2,NA,NA
53508,2010,465,3,NA,NA,3,NA,42,2,NA,NA,NA,NA
53528,2010,485,3,NA,NA,3,NA,35,3,NA,NA,NA,NA
53560,2010,517,3,NA,NA,4,NA,70,NA,NA,2,NA,NA
53651,2010,608,3,NA,NA,3,NA,43,NA,NA,2,NA,NA
53733,2010,690,3,NA,NA,2,NA,83,NA,NA,1,NA,NA
53734,2010,691,3,NA,NA,2,NA,88,2,NA,1,NA,NA
53737,2010,694,3,NA,NA,2,NA,49,2,NA,2,NA,NA
53739,2010,696,3,NA,NA,1,NA,32,1,NA,1,NA,NA
53767,2010,724,3,NA,NA,3,NA,48,NA,NA,4,NA,NA
53773,2010,730,3,NA,NA,4,NA,60,NA,NA,NA,NA,NA
53811,2010,768,3,NA,NA,3,NA,55,NA,NA,3,NA,NA
53832,2010,789,3,NA,NA,3,NA,56,NA,NA,3,NA,NA
54307,2010,1264,3,NA,NA,4,NA,25,NA,NA,NA,NA,NA
54634,2010,1591,3,NA,NA,3,NA,66,NA,NA,3,NA,NA
54647,2010,1604,3,NA,NA,2,NA,88,NA,NA,2,NA,NA
54859,2010,1816,3,NA,NA,3,NA,50,NA,NA,3,NA,NA
55130,2012,43,3,NA,NA,4,NA,51,NA,NA,4,NA,NA
55132,2012,45,3,NA,NA,3,NA,44,NA,NA,3,NA,NA
55133,2012,46,3,NA,NA,3,NA,73,3,NA,3,3,NA
55134,2012,47,3,NA,NA,3,NA,73,3,NA,3,3,NA
55135,2012,48,3,NA,NA,3,NA,68,3,NA,3,3,NA
55142,2012,55,3,NA,NA,2,NA,46,2,NA,2,NA,NA
55168,2012,81,3,NA,NA,2,NA,59,NA,NA,4,NA,NA
55184,2012,97,3,NA,NA,2,NA,54,2,NA,2,3,NA
55194,2012,107,3,NA,NA,4,NA,47,NA,NA,4,NA,3
55252,2012,165,3,NA,NA,3,NA,62,3,NA,3,2,NA
55253,2012,166,3,NA,NA,3,NA,18,NA,NA,3,NA,NA
55374,2012,287,3,NA,NA,1,NA,65,NA,NA,1,NA,NA
55428,2012,341,3,NA,NA,3,NA,58,3,NA,2,2,NA
55472,2012,385,3,NA,NA,3,NA,82,NA,NA,2,NA,NA
55517,2012,430,3,NA,NA,3,NA,44,NA,NA,NA,NA,NA
55522,2012,435,3,NA,NA,NA,NA,43,2,NA,2,2,NA
55538,2012,451,3,NA,NA,3,NA,41,NA,NA,3,NA,NA
55660,2012,573,3,NA,NA,3,NA,84,NA,NA,2,NA,NA
55683,2012,596,3,NA,NA,NA,NA,42,NA,NA,NA,NA,NA
55721,2012,634,3,NA,NA,3,NA,58,NA,NA,NA,NA,NA
55838,2012,751,3,NA,NA,3,NA,76,NA,NA,NA,NA,NA
55913,2012,826,3,NA,NA,3,NA,46,NA,NA,3,NA,NA
56086,2012,999,3,NA,NA,3,NA,69,3,NA,3,3,NA
56128,2012,1041,3,NA,NA,4,NA,41,3,NA,4,2,NA
56236,2012,1149,3,NA,NA,4,NA,77,NA,NA,4,NA,NA
56486,2012,1399,3,NA,NA,3,NA,45,NA,NA,3,NA,NA
56766,2012,1679,3,NA,NA,4,NA,18,NA,NA,4,NA,NA
57054,2012,1967,3,NA,NA,4,NA,69,NA,NA,NA,NA,NA
57115,2014,54,3,NA,NA,3,NA,81,NA,NA,1,NA,NA
57118,2014,57,3,NA,NA,5,NA,63,NA,NA,NA,NA,NA
57128,2014,67,3,NA,NA,3,NA,65,3,NA,3,NA,NA
57134,2014,73,3,NA,NA,3,NA,51,NA,NA,3,NA,NA
57139,2014,78,3,NA,NA,3,NA,58,NA,NA,2,NA,NA
57183,2014,122,3,NA,NA,4,NA,61,NA,NA,3,NA,NA
57198,2014,137,3,NA,NA,2,NA,61,NA,NA,2,NA,NA
57199,2014,138,3,NA,NA,4,NA,63,NA,NA,4,NA,NA
57214,2014,153,3,NA,NA,4,NA,54,3,NA,NA,NA,NA
57287,2014,226,3,NA,NA,3,NA,69,NA,NA,2,NA,NA
57367,2014,306,3,NA,NA,4,NA,65,NA,NA,4,NA,NA
57393,2014,332,3,NA,NA,3,NA,73,NA,NA,4,NA,NA
57439,2014,378,3,NA,NA,1,NA,20,NA,NA,1,NA,NA
57440,2014,379,3,NA,NA,1,NA,49,1,NA,2,NA,NA
57443,2014,382,3,NA,NA,4,NA,19,NA,NA,1,NA,NA
57444,2014,383,3,NA,NA,1,NA,57,1,NA,1,NA,NA
57455,2014,394,3,NA,NA,3,NA,70,NA,NA,3,NA,NA
57467,2014,406,3,NA,NA,2,NA,63,NA,NA,2,NA,NA
57550,2014,489,3,NA,NA,4,NA,38,4,NA,1,NA,NA
57566,2014,505,3,NA,NA,3,NA,63,NA,NA,3,NA,NA
57627,2014,566,3,NA,NA,2,NA,77,NA,NA,NA,NA,NA
57667,2014,606,3,NA,NA,2,NA,61,2,NA,2,NA,NA
57692,2014,631,3,NA,NA,3,NA,21,NA,NA,3,NA,NA
57694,2014,633,3,NA,NA,2,NA,35,NA,NA,2,NA,NA
57837,2014,776,3,NA,NA,4,NA,89,NA,NA,4,NA,NA
57905,2014,844,3,NA,NA,4,NA,67,NA,NA,4,NA,NA
58014,2014,953,3,NA,NA,3,NA,40,NA,NA,3,NA,NA
58045,2014,984,3,NA,NA,4,NA,67,5,NA,3,NA,NA
58112,2014,1051,3,NA,NA,3,NA,78,3,NA,3,NA,NA
58360,2014,1299,3,NA,NA,2,NA,55,NA,NA,2,NA,NA
58460,2014,1399,3,NA,NA,4,NA,66,4,NA,3,NA,NA
58483,2014,1422,3,NA,NA,3,NA,25,NA,NA,3,NA,NA
58492,2014,1431,3,NA,NA,2,NA,59,2,NA,2,NA,NA
58764,2014,1708,3,NA,NA,3,NA,64,NA,NA,3,NA,NA
58766,2014,1710,3,NA,NA,1,NA,20,NA,NA,1,NA,NA
58894,2014,1838,3,NA,NA,3,NA,56,NA,NA,3,NA,NA
59069,2014,2013,3,NA,NA,5,NA,53,NA,NA,NA,NA,NA
59176,2014,2120,3,NA,NA,NA,NA,35,NA,NA,NA,NA,NA
59249,2014,2193,3,NA,NA,3,NA,55,NA,NA,3,NA,NA
59576,2014,2520,3,NA,NA,4,NA,69,NA,NA,4,NA,NA
59626,2016,27,3,NA,NA,3,NA,71,4,NA,3,NA,NA
59628,2016,29,3,NA,NA,3,NA,74,NA,NA,3,NA,NA
59639,2016,40,3,NA,NA,2,NA,79,NA,NA,1,NA,NA
59644,2016,45,3,NA,NA,1,NA,70,NA,NA,1,NA,NA
59648,2016,49,3,NA,NA,4,NA,23,NA,NA,2,NA,NA
59651,2016,52,3,NA,NA,3,NA,70,3,NA,3,NA,NA
59656,2016,57,3,NA,NA,3,NA,40,NA,NA,2,NA,NA
59657,2016,58,3,NA,NA,2,NA,57,NA,NA,2,NA,NA
59658,2016,59,3,NA,NA,3,NA,59,NA,NA,1,NA,NA
59689,2016,90,3,NA,NA,4,NA,68,NA,NA,4,NA,NA
59711,2016,112,3,NA,NA,2,NA,54,NA,NA,2,NA,NA
59716,2016,117,3,NA,NA,4,NA,75,4,NA,3,NA,NA
59718,2016,119,3,NA,NA,2,NA,81,2,NA,2,NA,NA
59733,2016,134,3,NA,NA,3,NA,48,NA,NA,NA,NA,NA
59745,2016,146,3,NA,NA,4,NA,51,NA,NA,3,NA,NA
59805,2016,206,3,NA,NA,4,NA,67,NA,NA,3,NA,NA
59857,2016,258,3,NA,NA,3,NA,62,3,NA,NA,NA,NA
59869,2016,270,3,NA,NA,4,NA,75,4,NA,2,NA,NA
59978,2016,379,3,NA,NA,1,NA,NA,1,NA,3,NA,NA
59980,2016,381,3,NA,NA,3,NA,89,2,NA,3,NA,NA
59981,2016,382,3,NA,NA,2,NA,76,2,NA,1,NA,NA
59982,2016,383,3,NA,NA,1,NA,64,NA,NA,1,NA,NA
60069,2016,470,3,NA,NA,3,NA,59,NA,NA,3,NA,NA
60071,2016,472,3,NA,NA,2,NA,71,2,NA,1,NA,NA
60073,2016,474,3,NA,NA,4,NA,29,NA,NA,2,NA,NA
60101,2016,502,3,NA,NA,3,NA,22,NA,NA,3,NA,NA
60132,2016,533,3,NA,NA,3,NA,62,3,NA,3,NA,NA
60222,2016,623,3,NA,NA,3,NA,73,NA,NA,NA,NA,NA
60228,2016,629,3,NA,NA,4,NA,79,NA,NA,2,NA,NA
60258,2016,659,3,NA,NA,5,NA,52,5,NA,NA,NA,NA
60272,2016,673,3,NA,NA,3,NA,27,NA,NA,3,NA,NA
60399,2016,800,3,NA,NA,3,NA,87,2,NA,2,NA,NA
60401,2016,802,3,NA,NA,2,NA,81,2,NA,2,NA,NA
60619,2016,1020,3,NA,NA,4,NA,63,NA,NA,2,NA,NA
60630,2016,1031,3,NA,NA,3,NA,58,NA,NA,3,NA,NA
60714,2016,1115,3,NA,NA,3,NA,40,NA,NA,2,NA,NA
60721,2016,1122,3,NA,NA,2,NA,76,2,NA,2,NA,NA
60932,2016,1333,3,NA,NA,4,NA,34,NA,NA,5,NA,NA
60978,2016,1379,3,NA,NA,1,NA,31,NA,NA,1,NA,NA
60980,2016,1381,3,NA,NA,4,NA,19,NA,NA,4,NA,NA
61010,2016,1411,3,NA,NA,3,NA,70,NA,NA,1,NA,NA
61148,2016,1549,3,NA,NA,3,NA,59,NA,NA,3,NA,NA
61151,2016,1552,3,NA,NA,2,NA,54,NA,NA,2,NA,NA
61153,2016,1554,3,NA,NA,4,NA,36,NA,NA,4,NA,NA
61156,2016,1557,3,NA,NA,4,NA,64,NA,NA,4,NA,NA
61169,2016,1570,3,NA,NA,4,NA,66,NA,NA,NA,NA,NA
61171,2016,1572,3,NA,NA,4,NA,49,NA,NA,NA,NA,NA
61403,2016,1804,3,NA,NA,3,NA,67,3,NA,NA,NA,NA
61500,2016,1901,3,NA,NA,3,NA,38,NA,NA,NA,NA,NA
61927,2016,2328,3,NA,NA,1,NA,84,NA,NA,NA,NA,NA
62020,2016,2421,3,NA,NA,4,NA,56,NA,NA,4,NA,NA
62502,2018,36,3,NA,NA,5,NA,65,5,NA,3,NA,NA
62503,2018,37,3,NA,NA,2,NA,71,NA,NA,2,NA,NA
62519,2018,53,3,NA,NA,3,NA,59,NA,NA,3,NA,NA
62571,2018,105,3,NA,NA,2,NA,56,NA,NA,2,NA,NA
62593,2018,127,3,NA,NA,3,NA,68,NA,NA,3,NA,NA
62616,2018,150,3,NA,NA,3,NA,59,NA,NA,NA,NA,NA
62640,2018,174,3,NA,NA,3,NA,63,NA,NA,3,NA,NA
62641,2018,175,3,NA,NA,4,NA,36,NA,NA,3,NA,NA
62643,2018,177,3,NA,NA,3,NA,42,3,NA,3,NA,NA
62669,2018,203,3,NA,NA,3,NA,68,3,NA,3,NA,NA
62716,2018,250,3,NA,NA,3,NA,66,3,NA,3,NA,NA
62779,2018,313,3,NA,NA,2,NA,58,NA,NA,NA,NA,NA
62783,2018,317,3,NA,NA,1,NA,76,1,NA,1,NA,NA
62785,2018,319,3,NA,NA,1,NA,34,1,NA,1,NA,NA
62804,2018,338,3,NA,NA,4,NA,54,3,NA,4,NA,NA
62852,2018,386,3,NA,NA,4,NA,41,NA,NA,4,NA,NA
62980,2018,514,3,NA,NA,3,NA,54,3,NA,3,NA,NA
63018,2018,552,3,NA,NA,4,NA,61,NA,NA,2,NA,NA
63096,2018,630,3,NA,NA,NA,NA,40,NA,NA,NA,NA,NA
63122,2018,656,3,NA,NA,4,NA,29,4,NA,4,NA,NA
63136,2018,670,3,NA,NA,3,NA,28,NA,NA,3,NA,NA
63173,2018,707,3,NA,NA,1,NA,71,1,NA,1,NA,NA
63175,2018,709,3,NA,NA,2,NA,68,NA,NA,2,NA,NA
63176,2018,710,3,NA,NA,2,NA,89,NA,NA,2,NA,NA
63452,2018,986,3,NA,NA,2,NA,50,NA,NA,2,NA,NA
63454,2018,988,3,NA,NA,4,NA,37,NA,NA,NA,NA,NA
63510,2018,1044,3,NA,NA,4,NA,23,NA,NA,4,NA,NA
63606,2018,1140,3,NA,NA,3,NA,72,NA,NA,NA,NA,NA
63607,2018,1141,3,NA,NA,4,NA,84,4,NA,4,NA,NA
63610,2018,1144,3,NA,NA,2,NA,76,NA,NA,2,NA,NA
63753,2018,1287,3,NA,NA,3,NA,31,3,NA,3,NA,NA
63957,2018,1491,3,NA,NA,4,NA,38,NA,NA,4,NA,NA
64175,2018,1709,3,NA,NA,3,NA,28,3,NA,2,NA,NA
64260,2018,1794,3,NA,NA,2,NA,29,NA,NA,NA,NA,NA
64286,2018,1820,3,NA,NA,3,NA,56,NA,NA,NA,NA,NA
64398,2018,1932,3,NA,NA,3,NA,61,NA,NA,3,NA,NA
64413,2018,1947,3,NA,NA,3,NA,21,NA,NA,3,NA,NA
64419,2018,1953,3,NA,NA,3,NA,58,NA,NA,NA,NA,NA
64812,2018,2346,3,NA,NA,5,NA,67,2,NA,NA,NA,NA
64840,2021,29,3,NA,NA,4,NA,53,NA,NA,4,NA,NA
64856,2021,47,3,NA,NA,2,NA,51,NA,NA,NA,NA,NA
64907,2021,102,3,NA,NA,4,NA,74,NA,NA,2,NA,NA
64922,2021,119,3,NA,NA,1,NA,38,1,NA,1,NA,NA
64945,2021,146,3,NA,NA,3,NA,67,4,NA,2,NA,NA
64974,2021,176,3,NA,NA,3,NA,75,3,NA,3,NA,NA
65106,2021,326,3,NA,NA,3,NA,69,NA,NA,3,NA,NA
65131,2021,352,3,NA,NA,4,NA,74,NA,NA,2,NA,NA
65140,2021,362,3,NA,NA,3,NA,67,NA,NA,2,NA,NA
65148,2021,370,3,NA,NA,4,NA,65,NA,NA,NA,NA,NA
65233,2021,461,3,NA,NA,2,NA,30,NA,NA,2,NA,NA
65267,2021,498,3,NA,NA,4,NA,41,NA,NA,4,NA,NA
65314,2021,548,3,NA,NA,2,NA,70,NA,NA,2,NA,NA
65491,2021,739,3,NA,NA,3,NA,69,3,NA,3,NA,NA
65527,2021,778,3,NA,NA,3,NA,54,NA,NA,NA,NA,NA
65544,2021,797,3,NA,NA,3,NA,68,NA,NA,NA,NA,NA
65630,2021,890,3,NA,NA,3,NA,25,NA,NA,3,NA,NA
65637,2021,897,3,NA,NA,3,NA,66,NA,NA,3,NA,NA
65638,2021,898,3,NA,NA,4,NA,71,4,NA,1,NA,NA
65693,2021,958,3,NA,NA,2,NA,NA,2,NA,2,NA,NA
65740,2021,1014,3,NA,NA,2,NA,56,2,NA,2,NA,NA
65742,2021,1018,3,NA,NA,3,NA,33,NA,NA,3,NA,NA
65767,2021,1048,3,NA,NA,3,NA,63,NA,NA,NA,NA,NA
65811,2021,1093,3,NA,NA,3,NA,50,NA,NA,3,NA,NA
65841,2021,1127,3,NA,NA,2,NA,66,2,NA,2,NA,NA
65843,2021,1129,3,NA,NA,3,NA,68,3,NA,3,NA,NA
65904,2021,1195,3,NA,NA,4,NA,25,NA,NA,4,NA,NA
65968,2021,1266,3,NA,NA,3,NA,64,NA,NA,4,NA,NA
66114,2021,1425,3,NA,NA,3,NA,69,3,NA,3,NA,NA
66155,2021,1468,3,NA,NA,3,NA,62,NA,NA,2,NA,NA
66160,2021,1474,3,NA,NA,3,NA,69,NA,NA,NA,NA,NA
66211,2021,1528,3,NA,NA,3,NA,51,NA,NA,2,NA,NA
66710,2021,2081,3,NA,NA,3,NA,38,NA,NA,1,NA,NA
66753,2021,2127,3,NA,NA,3,NA,68,3,NA,3,NA,NA
67116,2021,2533,3,NA,NA,3,NA,55,NA,NA,3,NA,NA
67135,2021,2553,3,NA,NA,4,NA,70,NA,NA,3,NA,NA
67240,2021,2668,3,NA,NA,3,NA,NA,NA,NA,3,NA,NA
67267,2021,2698,3,NA,NA,4,NA,56,4,NA,4,NA,NA
67281,2021,2712,3,NA,NA,4,NA,65,NA,NA,4,NA,NA
67300,2021,2735,3,NA,NA,2,NA,32,NA,NA,NA,NA,NA
67412,2021,2862,3,NA,NA,3,NA,74,NA,NA,1,NA,NA
67419,2021,2870,3,NA,NA,3,NA,44,3,NA,NA,NA,NA
67435,2021,2886,3,NA,NA,3,NA,42,NA,NA,4,NA,NA
67451,2021,2905,3,NA,NA,3,NA,70,NA,NA,2,NA,NA
67462,2021,2917,3,NA,NA,4,NA,65,NA,NA,3,NA,NA
67465,2021,2920,3,NA,NA,3,NA,41,NA,NA,3,NA,NA
67482,2021,2938,3,NA,NA,3,NA,71,NA,NA,3,NA,NA
67568,2021,3029,3,NA,NA,4,NA,60,NA,NA,4,NA,NA
67613,2021,3077,3,NA,NA,3,NA,68,3,NA,1,NA,NA
67634,2021,3101,3,NA,NA,3,NA,72,NA,NA,3,NA,NA
67787,2021,3266,3,NA,NA,4,NA,79,NA,NA,4,NA,NA
67788,2021,3267,3,NA,NA,3,NA,70,NA,NA,3,NA,NA
67848,2021,3337,3,NA,NA,3,NA,80,2,NA,3,NA,NA
67896,2021,3396,3,NA,NA,3,NA,32,NA,NA,2,NA,NA
67945,2021,3455,3,NA,NA,3,NA,46,NA,NA,NA,NA,NA
67951,2021,3462,3,NA,NA,1,NA,19,NA,NA,1,NA,NA
67952,2021,3463,3,NA,NA,4,NA,82,NA,NA,4,NA,NA
67977,2021,3493,3,NA,NA,2,NA,32,NA,NA,2,NA,NA
67981,2021,3497,3,NA,NA,4,NA,57,NA,NA,NA,NA,NA
68009,2021,3526,3,NA,NA,4,NA,40,NA,NA,3,NA,NA
68044,2021,3565,3,NA,NA,4,NA,56,4,NA,3,NA,NA
68071,2021,3596,3,NA,NA,4,NA,43,NA,NA,2,NA,NA
68094,2021,3623,3,NA,NA,3,NA,26,NA,NA,NA,NA,NA
68220,2021,3767,3,NA,NA,3,NA,40,NA,NA,2,NA,NA
68282,2021,3837,3,NA,NA,3,NA,25,NA,NA,4,NA,NA
68349,2021,3912,3,NA,NA,2,NA,84,NA,NA,4,NA,NA
68372,2021,3938,3,NA,NA,4,NA,74,NA,NA,NA,NA,NA
68381,2021,3949,3,NA,NA,3,NA,67,4,NA,3,NA,NA
68602,2021,4198,3,NA,NA,4,NA,52,NA,NA,4,NA,NA
68604,2021,4200,3,NA,NA,3,NA,30,NA,NA,3,NA,NA
68611,2021,4207,3,NA,NA,3,NA,74,NA,NA,3,NA,NA
68677,2021,4280,3,NA,NA,4,NA,20,NA,NA,NA,NA,NA
68717,2021,4325,3,NA,NA,3,NA,79,NA,NA,3,NA,NA
68730,2021,4338,3,NA,NA,3,NA,37,NA,NA,3,NA,NA
68834,2021,4458,3,NA,NA,3,NA,69,NA,NA,2,NA,NA
